{
  "version": 1,
  "author": "Francisco Queiroz",
  "editor": "wokwi",
  "parts": [
    { "type": "board-esp32-devkit-c-v4", "id": "esp", "top": -28.8, "left": 14.44, "attrs": {} },
    {
      "type": "wokwi-dht22",
      "id": "dht1",
      "top": -114.9,
      "left": -82.2,
      "attrs": { "temperature": "80", "humidity": "100" }
    },
    {
      "type": "wokwi-pushbutton",
      "id": "btn1",
      "top": 121.4,
      "left": -201.6,
      "attrs": { "color": "green", "xray": "1" }
    },
    {
      "type": "wokwi-pushbutton",
      "id": "btn2",
      "top": 198.2,
      "left": -201.6,
      "attrs": { "color": "green", "xray": "1" }
    }
  ],
  "connections": [
    [ "esp:TX", "$serialMonitor:RX", "", [] ],
    [ "esp:RX", "$serialMonitor:TX", "", [] ],
    [ "esp:5V", "dht1:VCC", "red", [ "h0" ] ],
    [ "dht1:GND", "esp:GND.1", "black", [ "v0" ] ],
    [ "dht1:SDA", "esp:4", "green", [ "v220.8", "h182.5", "v-76.8" ] ],
    [ "btn1:2.r", "esp:12", "green", [ "h0" ] ],
    [ "btn2:1.r", "esp:13", "green", [ "v-48", "h144.2" ] ],
    [ "btn2:2.r", "esp:GND.3", "green", [ "h278.6", "v0.2" ] ],
    [ "btn1:1.r", "esp:GND.2", "green", [ "v-38.4", "h-105.4", "v163.2", "h393.6", "v-259.2" ] ]
  ],
  "dependencies": {}
}